Round 1,Round 2,Round 3,Round 4
1,1,1,1
YOUNG CAMERON,YOUNG CAMERON,YOUNG CAMERON,YOUNG CAMERON
-13,-13,-13,-13
-4,-5,E,-4
0.16,0.82,2.37,1.46
0.27,1.26,-2.49,0.65
3.22,2.02,0.25,1.6
1.48,1.28,-0.66,0.97
4.97,4.56,-2.9,3.21
5.13,5.38,-0.53,4.67
2,2,2,2
FITZPATRICK MATT,FITZPATRICK MATT,FITZPATRICK MATT,FITZPATRICK MATT
-12,-12,-12,-12
-2,-3,-3,-4
1.66,-0.69,-0.08,0.59
1.67,1.84,0.09,0.59
0.13,1.32,1.13,2
-0.33,0.91,1.32,1.49
1.47,4.08,2.54,4.08
3.13,3.38,2.47,4.67
3,3,3,3
SCHAUFFELE XANDER,SCHAUFFELE XANDER,SCHAUFFELE XANDER,SCHAUFFELE XANDER
-11,-11,-11,-11
-3,-7,2,-3
0,1.58,-0.58,1.66
0.24,0.27,-1.66,1.58
5.26,2.6,-1.53,1.14
-1.38,2.93,1.23,-0.71
4.13,5.8,-1.95,2.01
4.13,7.38,-2.53,3.67
4,4,4,4
MACINTYRE ROBERT,MACINTYRE ROBERT,MACINTYRE ROBERT,MACINTYRE ROBERT
-10,-10,-10,-10
E,E,-7,-3
0.73,0.07,2.58,1.21
0.14,-0.95,2.11,0.64
-0.7,0.47,0.3,1.39
0.96,0.78,1.47,0.44
0.4,0.31,3.89,2.47
1.13,0.39,6.47,3.67
T5,T5,T5,T5
ABERG LUDVIG,ABERG LUDVIG,ABERG LUDVIG,ABERG LUDVIG
-9,-9,-9,-9
-3,-9,-1,4
0.81,2.13,-0.18,-1.33
-0.6,1.56,-0.11,0.63
1.53,4,0.58,-2.46
2.39,1.69,0.18,-0.16
3.32,7.26,0.65,-1.99
4.13,9.38,0.47,-3.33
T5,T5,T5,T5
BRIDGEMAN JACOB,BRIDGEMAN JACOB,BRIDGEMAN JACOB,BRIDGEMAN JACOB
-9,-9,-9,-9
-2,-4,-1,-2
2.43,3.26,1.29,2.77
-1.05,0.54,2.64,-0.85
1.24,-0.11,-3.66,-0.91
0.52,0.69,0.2,1.66
0.7,1.12,-0.82,-0.1
3.13,4.38,0.47,2.67
T5,T5,T5,T5
YELLAMARAJU SUDARSHAN,YELLAMARAJU SUDARSHAN,YELLAMARAJU SUDARSHAN,YELLAMARAJU SUDARSHAN
-9,-9,-9,-9
1,E,-6,-4
-0.06,1.5,2.52,1.54
-0.16,-1.49,0.01,-0.26
0.69,-0.89,2,2.72
-0.34,1.27,0.93,0.67
0.19,-1.11,2.95,3.13
0.13,0.39,5.47,4.67
T8,T8,T8,T8
THOMAS JUSTIN,THOMAS JUSTIN,THOMAS JUSTIN,THOMAS JUSTIN
-8,-8,-8,-8
-4,-4,E,E
2.56,1.62,0.45,-0.36
0.49,1.01,-0.3,0.06
0.49,1.78,0.76,2.54
1.59,-0.03,-1.46,-1.56
2.57,2.77,-0.99,1.03
5.13,4.38,-0.53,0.67
T8,T8,T8,T8
FLEETWOOD TOMMY,FLEETWOOD TOMMY,FLEETWOOD TOMMY,FLEETWOOD TOMMY
-8,-8,-8,-8
-3,-2,1,-4
-0.3,1.22,-3.02,-0.64
1.22,-0.18,0.92,1.53
1.84,0.49,0.43,2.33
1.36,0.85,0.13,1.45
4.43,1.16,1.49,5.31
4.13,2.38,-1.53,4.67
T8,T8,T8,T8
STRAKA SEPP,STRAKA SEPP,STRAKA SEPP,STRAKA SEPP
-8,-8,-8,-8
-5,-2,E,-1
2.18,1.39,-0.27,-0.74
2.22,-0.95,0.22,1.02
1.97,0.47,-0.52,1.3
-0.24,1.47,0.03,0.08
3.95,0.99,-0.26,2.41
6.13,2.38,-0.53,1.67
T11,T11,T11,T11
HARMAN BRIAN,HARMAN BRIAN,HARMAN BRIAN,HARMAN BRIAN
-7,-7,-7,-7
3,-8,-3,1
-1.49,1.34,1.4,-1.53
-0.79,2.22,0.06,3.55
0.49,2.31,0.61,-2.55
-0.07,2.51,0.4,0.2
-0.38,7.04,1.07,1.2
-1.87,8.38,2.47,-0.33
T11,T11,T11,T11
RODGERS PATRICK,RODGERS PATRICK,RODGERS PATRICK,RODGERS PATRICK
-7,-7,-7,-7
-2,-2,-1,-2
0.36,0.55,0.03,1.77
2.72,1.02,-0.18,-0.4
-1.33,0.16,0.07,1.27
1.38,0.66,0.55,0.04
2.78,1.83,0.44,0.91
3.13,2.38,0.47,2.67
T13,T13,T13,T13
KOEPKA BROOKS,KOEPKA BROOKS,KOEPKA BROOKS,KOEPKA BROOKS
-6,-6,-6,-6
E,-2,-3,-1
0.69,-0.68,-0.05,-1.11
-0.69,0.34,0.53,0.45
0.57,2.1,1.27,2.8
0.56,0.62,0.71,-0.47
0.45,3.06,2.52,2.78
1.13,2.38,2.47,1.67
T13,T13,T13,T13
ROSE JUSTIN,ROSE JUSTIN,ROSE JUSTIN,ROSE JUSTIN
-6,-6,-6,-6
E,-4,-2,E
-0.21,2.01,3.19,-1.87
1.43,1.23,-0.82,2.36
-0.41,1.5,0.17,-0.35
0.32,-0.36,-1.08,0.53
1.34,2.37,-1.72,2.54
1.13,4.38,1.47,0.67
T13,T13,T13,T13
BHATIA AKSHAY,BHATIA AKSHAY,BHATIA AKSHAY,BHATIA AKSHAY
-6,-6,-6,-6
-1,-1,-2,-2
-0.95,1.06,-0.72,1.37
0.01,-1.22,-0.15,-2.99
1.66,0.39,1.2,4
1.42,1.15,1.14,0.29
3.09,0.33,2.19,1.3
2.13,1.39,1.47,2.67
T13,T13,T13,T13
HENLEY RUSSELL,HENLEY RUSSELL,HENLEY RUSSELL,HENLEY RUSSELL
-6,-6,-6,-6
-4,-1,-1,E
2.77,0.06,-1.71,1.57
0.2,0.54,0.37,-0.61
1.38,2.36,0.4,-1.12
0.78,-1.58,1.4,0.84
2.36,1.33,2.17,-0.9
5.13,1.39,0.47,0.67
T13,T13,T13,T13
BURNS SAM,BURNS SAM,BURNS SAM,BURNS SAM
-6,-6,-6,-6
4,-4,-3,-3
1.5,2.19,-0.71,4.7
-3.2,0.08,1.67,0.02
-1.45,1.21,0.35,-0.82
0.27,0.9,1.16,-0.23
-4.37,2.19,3.17,-1.03
-2.87,4.38,2.47,3.67
T13,T13,T13,T13
HOVLAND VIKTOR,HOVLAND VIKTOR,HOVLAND VIKTOR,HOVLAND VIKTOR
-6,-6,-6,-6
-3,-2,-3,2
1.4,0.39,0.47,-1.64
3.49,1.02,1.28,1.72
-0.57,1.51,1.26,-0.84
-0.18,-0.54,-0.54,-0.56
2.73,1.99,2,0.31
4.13,2.38,2.47,-1.33
T13,T13,T13,T13
CONNERS COREY,CONNERS COREY,CONNERS COREY,CONNERS COREY
-6,-6,-6,-6
-3,-5,E,2
-1.25,1.25,0.35,0.12
0.33,0.09,-0.52,-1.57
3.27,3.48,0,-0.69
1.78,0.57,-0.36,0.81
5.38,4.14,-0.89,-1.45
4.13,5.38,-0.53,-1.33
T13,T13,T13,T13
SMOTHERMAN AUSTIN,SMOTHERMAN AUSTIN,SMOTHERMAN AUSTIN,SMOTHERMAN AUSTIN
-6,-6,-6,-6
-5,E,-2,1
0.54,-1.82,-1.4,1.06
1.07,-1.32,0.28,-1.53
3.5,1.45,1.28,-1.36
1.02,2.08,1.3,1.5
5.59,2.21,2.87,-1.39
6.13,0.39,1.47,-0.33
T13,T13,T13,T13
HISATSUNE RYO,HISATSUNE RYO,HISATSUNE RYO,HISATSUNE RYO
-6,-6,-6,-6
-1,-3,-2,E
-0.16,0.05,-1.86,-1.14
0.16,0.91,0.68,1.25
1.45,1.54,2.77,-0.75
0.69,0.89,-0.13,1.32
2.29,3.33,3.32,1.81
2.13,3.38,1.47,0.67
T22,T22,T22,T22
SCHEFFLER SCOTTIE,SCHEFFLER SCOTTIE,SCHEFFLER SCOTTIE,SCHEFFLER SCOTTIE
-5,-5,-5,-5
E,1,-5,-1
1.16,-1.35,1.59,0.79
-0.95,-0.08,1.68,2.42
0.94,1.72,0.03,-1.62
-0.01,-0.91,1.17,0.09
-0.03,0.74,2.88,0.88
1.13,-0.61,4.47,1.67
T22,T22,T22,T22
THORBJORNSEN MICHAEL,THORBJORNSEN MICHAEL,THORBJORNSEN MICHAEL,THORBJORNSEN MICHAEL
-5,-5,-5,-5
2,-7,-5,5
-0.79,1.75,1.34,-1.31
-0.06,2.17,-0.44,0.68
-1.87,1.8,3.22,-2.83
1.85,1.66,0.34,-0.86
-0.08,5.64,3.13,-3.01
-0.87,7.38,4.47,-4.33
T24,T24,T24,T24
SPAUN J.J.,SPAUN J.J.,SPAUN J.J.,SPAUN J.J.
-4,-4,-4,-4
-1,E,-4,1
-0.02,-1.93,3.82,-0.06
-0.11,-0.22,-1.11,-0.53
1.56,1.96,1.02,0.42
0.7,0.58,-0.26,-0.16
2.15,2.32,-0.35,-0.27
2.13,0.39,3.47,-0.33
T24,T24,T24,T24
SMALLEY ALEX,SMALLEY ALEX,SMALLEY ALEX,SMALLEY ALEX
-4,-4,-4,-4
-2,-2,-1,1
0.97,1.4,-0.31,0.26
-0.47,-1.6,1.85,-0.59
1.16,1.33,-1.36,1.02
1.47,1.27,0.28,-1.02
2.16,0.99,0.77,-0.59
3.13,2.38,0.47,-0.33
T24,T24,T24,T24
MOUW WILLIAM,MOUW WILLIAM,MOUW WILLIAM,MOUW WILLIAM
-4,-4,-4,-4
-3,E,-3,2
2.42,-0.41,-0.87,0.3
-1.76,0.86,0.21,-0.79
2.83,-0.32,1.02,-1.64
0.64,0.26,2.11,0.8
1.71,0.8,3.34,-1.63
4.13,0.39,2.47,-1.33
T27,T27,T27,T27
KIRK CHRIS,KIRK CHRIS,KIRK CHRIS,KIRK CHRIS
-3,-3,-3,-3
-1,2,-1,-3
-1.64,-0.86,-0.08,1.41
1.84,-0.83,-0.17,0.5
1.76,0.88,-0.08,1.61
0.17,-0.81,0.79,0.14
3.77,-0.76,0.55,2.26
2.13,-1.61,0.47,3.67
T27,T27,T27,T27
MATSUYAMA HIDEKI,MATSUYAMA HIDEKI,MATSUYAMA HIDEKI,MATSUYAMA HIDEKI
-3,-3,-3,-3
-2,E,4,-5
1.4,-0.88,-1.54,3.28
-0.26,0.28,0.22,0.85
1.4,1.28,-2.31,1.88
0.59,-0.29,-0.9,-0.34
1.73,1.26,-3,2.39
3.13,0.39,-4.53,5.67
T27,T27,T27,T27
GERARD RYAN,GERARD RYAN,GERARD RYAN,GERARD RYAN
-3,-3,-3,-3
1,-4,1,-1
-0.73,2.13,0.64,-0.1
1.66,0.67,-0.57,-0.6
-0.22,1.53,-2.33,1.06
-0.58,0.06,0.73,1.31
0.86,2.25,-2.18,1.77
0.13,4.38,-1.53,1.67
T27,T27,T27,T27
RAMEY CHAD,RAMEY CHAD,RAMEY CHAD,RAMEY CHAD
-3,-3,-3,-3
E,-3,1,-1
3.46,0.4,-1.65,0.2
-0.54,-0.04,-0.29,0.56
-0.9,2.59,-0.79,0.22
-0.89,0.44,1.19,0.69
-2.33,2.99,0.12,1.47
1.13,3.38,-1.53,1.67
T27,T27,T27,T27
HOJGAARD NICOLAI,HOJGAARD NICOLAI,HOJGAARD NICOLAI,HOJGAARD NICOLAI
-3,-3,-3,-3
-1,2,-1,-3
1.44,1.91,0.24,1.96
1.33,2.13,-0.23,-1.54
-0.66,-1.77,1.45,3.17
0.01,-3.89,-1,0.09
0.69,-3.53,0.23,1.71
2.13,-1.61,0.47,3.67
T32,T32,T32,T32
NOREN ALEX,NOREN ALEX,NOREN ALEX,NOREN ALEX
-2,-2,-2,-2
-1,-1,1,-1
1.4,3.41,-2.32,0.38
1.07,-0.31,1.32,1.77
0.88,-2.54,2.1,-0.75
-1.22,0.83,-2.64,0.27
0.73,-2.02,0.78,1.29
2.13,1.39,-1.53,1.67
T32,T32,T32,T32
CANTLAY PATRICK,CANTLAY PATRICK,CANTLAY PATRICK,CANTLAY PATRICK
-2,-2,-2,-2
1,1,-2,-2
-0.88,-1.11,1.83,0.6
1.11,-0.6,0.2,0.8
-0.35,-0.27,-0.98,-0.34
0.25,1.36,0.41,1.61
1.02,0.49,-0.37,2.07
0.13,-0.61,1.47,2.67
T32,T32,T32,T32
CAULEY BUD,CAULEY BUD,CAULEY BUD,CAULEY BUD
-2,-2,-2,-2
-2,2,E,-2
-0.15,0.83,-1.56,-1
1.4,0.08,0.63,1.94
1.47,-1.31,0.18,0.9
0.42,-1.22,0.22,0.84
3.28,-2.45,1.03,3.67
3.13,-1.61,-0.53,2.67
T32,T32,T32,T32
MCNEALY MAVERICK,MCNEALY MAVERICK,MCNEALY MAVERICK,MCNEALY MAVERICK
-2,-2,-2,-2
-5,-1,1,3
1.99,1.22,0.73,-1.07
1.22,-0.34,0.12,-0.53
1.58,0.52,-2.65,-0.05
1.34,-0.02,0.28,-0.67
4.14,0.16,-2.26,-1.26
6.13,1.39,-1.53,-2.33
T32,T32,T32,T32
SPIETH JORDAN,SPIETH JORDAN,SPIETH JORDAN,SPIETH JORDAN
-2,-2,-2,-2
1,-4,4,-3
0.11,-0.57,-5.08,3.21
0.56,1.89,1.44,-1.04
0.91,2.25,0.41,1.87
-1.45,0.82,-1.3,-0.37
0.02,4.96,0.55,0.46
0.13,4.38,-4.53,3.67
T32,T32,T32,T32
LEE MIN WOO,LEE MIN WOO,LEE MIN WOO,LEE MIN WOO
-2,-2,-2,-2
E,-2,-2,2
-0.26,1.15,0.67,-0.11
1.01,-0.94,-0.14,-1.25
-1.1,2.17,-1.11,-0.08
1.48,0.01,2.05,0.11
1.39,1.24,0.8,-1.22
1.13,2.38,1.47,-1.33
T32,T32,T32,T32
COLE ERIC,COLE ERIC,COLE ERIC,COLE ERIC
-2,-2,-2,-2
1,1,-1,-3
0.13,1.55,1.21,2
1.01,-0.59,0.2,1.8
-1.16,-0.08,0.43,0.55
0.15,-1.5,-1.38,-0.68
0,-2.16,-0.75,1.67
0.13,-0.61,0.47,3.67
T32,T32,T32,T32
THEEGALA SAHITH,THEEGALA SAHITH,THEEGALA SAHITH,THEEGALA SAHITH
-2,-2,-2,-2
-5,2,-4,5
0.16,1.86,1.13,-1.72
0.94,-0.7,0.09,-0.19
3.98,-1.39,2.21,-0.75
1.05,-1.39,0.03,-1.68
5.97,-3.47,2.33,-2.61
6.13,-1.61,3.47,-4.33
T32,T32,T32,T32
HOMA MAX,HOMA MAX,HOMA MAX,HOMA MAX
-2,-2,-2,-2
-1,E,-2,1
1.21,0.1,0.3,0.78
-1.43,-0.18,-0.32,0.18
3.53,-0.29,0.55,-0.46
-1.19,0.75,0.93,-0.82
0.92,0.28,1.17,-1.11
2.13,0.39,1.47,-0.33
T32,T32,T32,T32
PUTNAM ANDREW,PUTNAM ANDREW,PUTNAM ANDREW,PUTNAM ANDREW
-2,-2,-2,-2
-2,E,1,-1
1.17,-1.15,-1.2,-0.07
0.89,2.02,0.27,0.41
0.02,-0.15,-0.64,0.91
1.05,-0.35,0.03,0.42
1.96,1.53,-0.33,1.75
3.13,0.39,-1.53,1.67
T42,T42,T42,T42
FOWLER RICKIE,FOWLER RICKIE,FOWLER RICKIE,FOWLER RICKIE
-1,-1,-1,-1
-2,E,3,-2
-0.2,1.1,-0.14,1.44
1.04,-1.65,0.25,-1.19
1.88,0.32,-3.41,1.1
0.41,0.62,-0.23,1.32
3.33,-0.71,-3.39,1.23
3.13,0.39,-3.53,2.67
T42,T42,T42,T42
TAYLOR NICK,TAYLOR NICK,TAYLOR NICK,TAYLOR NICK
-1,-1,-1,-1
2,-2,-2,1
-0.26,0.43,-0.63,-3.4
0.06,1.16,1.09,2.19
0.12,0.86,-0.17,0.23
-0.79,-0.06,1.16,0.66
-0.61,1.96,2.09,3.07
-0.87,2.38,1.47,-0.33
T42,T42,T42,T42
CLARK WYNDHAM,CLARK WYNDHAM,CLARK WYNDHAM,CLARK WYNDHAM
-1,-1,-1,-1
1,-2,-1,1
-0.76,0.51,-1.69,0.01
0.98,-0.37,0.74,1.58
1.97,0.03,1.79,-0.09
-2.05,2.21,-0.37,-1.84
0.89,1.88,2.15,-0.34
0.13,2.38,0.47,-0.33
T42,T42,T42,T42
HIGHSMITH JOE,HIGHSMITH JOE,HIGHSMITH JOE,HIGHSMITH JOE
-1,-1,-1,-1
-2,3,-4,2
0.64,-1.02,2.48,-0.72
0.13,0.06,1.38,-0.27
2.12,0.9,0.74,1.26
0.25,-2.56,-1.14,-1.6
2.49,-1.59,0.98,-0.61
3.13,-2.62,3.47,-1.33
T46,T46,T46,T46
MCILROY RORY,MCILROY RORY,MCILROY RORY,MCILROY RORY
E,E,E,E
2,-1,E,-1
-1.28,-0.27,-2.37,-1.45
0.37,0.58,0.6,-0.22
-0.53,-0.68,1.65,0.29
0.57,1.75,-0.42,3.05
0.41,1.65,1.83,3.13
-0.87,1.39,-0.53,1.67
T46,T46,T46,T46
PENDRITH TAYLOR,PENDRITH TAYLOR,PENDRITH TAYLOR,PENDRITH TAYLOR
E,E,E,E
2,-3,E,1
-2.36,-0.58,-0.3,-1.1
1.96,1.38,0.54,0.55
-0.21,0.58,-2.07,-1.28
-0.26,2.01,1.29,1.5
1.49,3.97,-0.23,0.77
-0.87,3.38,-0.53,-0.33
T46,T46,T46,T46
SCHMID MATTI,SCHMID MATTI,SCHMID MATTI,SCHMID MATTI
E,E,E,E
-2,1,-1,2
0.7,2.84,0.76,-1.51
0.79,-1.06,1.25,-0.26
0.87,-1.99,-0.43,0.02
0.77,-0.4,-1.12,0.42
2.43,-3.46,-0.3,0.18
3.13,-0.61,0.47,-1.33
T46,T46,T46,T46
MITCHELL KEITH,MITCHELL KEITH,MITCHELL KEITH,MITCHELL KEITH
E,E,E,E
E,-4,E,4
-1.32,1.3,-0.49,0.16
2.52,1.73,0.56,-2.33
-1.38,-0.66,1.54,-1.32
1.31,2.01,-2.15,0.16
2.46,3.08,-0.05,-3.49
1.13,4.38,-0.53,-3.33
T50,T50,T50,T50
KIM SI WOO,KIM SI WOO,KIM SI WOO,KIM SI WOO
1,1,1,1
1,E,-4,4
0.54,0.29,0.63,-0.89
0.98,0.65,0.35,-0.46
-1.8,-2.06,1.3,-1.28
0.42,1.51,1.18,-0.7
-0.41,0.1,2.83,-2.44
0.13,0.39,3.47,-3.33
T50,T50,T50,T50
POSTON J.T.,POSTON J.T.,POSTON J.T.,POSTON J.T.
1,1,1,1
4,-3,-1,1
-1.11,4.14,-0.09,0.37
-0.4,0.47,0.19,-1.21
-1.62,-0.91,-1.24,0.29
0.26,-0.32,1.61,0.22
-1.76,-0.76,0.56,-0.7
-2.87,3.38,0.47,-0.33
T50,T50,T50,T50
BRADLEY KEEGAN,BRADLEY KEEGAN,BRADLEY KEEGAN,BRADLEY KEEGAN
1,1,1,1
5,-6,-4,6
-0.2,3.26,2.08,0.04
-0.33,1.23,-1.05,0.32
-0.2,0.97,0.68,-4.43
-3.14,0.92,1.76,-1.25
-3.67,3.12,1.39,-5.37
-3.87,6.38,3.47,-5.33
T50,T50,T50,T50
MOORE TAYLOR,MOORE TAYLOR,MOORE TAYLOR,MOORE TAYLOR
1,1,1,1
-4,3,E,2
1.42,-0.39,-0.52,-0.85
1.5,-1.22,-0.02,-1.34
0.64,-0.56,0.41,-0.05
1.58,-0.45,-0.4,0.9
3.71,-2.22,-0.01,-0.48
5.13,-2.62,-0.53,-1.33
T50,T50,T50,T50
MCGREEVY MAX,MCGREEVY MAX,MCGREEVY MAX,MCGREEVY MAX
1,1,1,1
E,E,-2,3
-0.92,0.85,1.24,-0.66
-1.89,-1.04,-0.1,-1
1.94,0.61,-0.29,-1.01
2,-0.03,0.62,0.34
2.06,-0.47,0.23,-1.67
1.13,0.39,1.47,-2.33
T50,T50,T50,T50
BAUCHOU ZACH,BAUCHOU ZACH,BAUCHOU ZACH,BAUCHOU ZACH
1,1,1,1
2,E,-3,2
-1.77,0.2,0.53,0
-1.1,0.38,0.58,-0.31
0.75,0.58,0.59,-1.11
1.26,-0.77,0.77,0.09
0.9,0.19,1.93,-1.33
-0.87,0.39,2.47,-1.33
T56,T56,T56,T56
GOTTERUP CHRIS,GOTTERUP CHRIS,GOTTERUP CHRIS,GOTTERUP CHRIS
2,2,2,2
-1,1,-4,6
-0.83,-0.85,2.64,-0.73
0.37,1.19,-1.06,-1.88
2.8,-0.91,1.53,-1.95
-0.21,-0.04,0.36,-0.77
2.96,0.24,0.83,-4.6
2.13,-0.61,3.47,-5.33
T56,T56,T56,T56
SCOTT ADAM,SCOTT ADAM,SCOTT ADAM,SCOTT ADAM
2,2,2,2
E,E,-1,3
-1.56,-1.55,2.81,-2.04
0.23,0.37,-0.18,-0.46
3.82,1.64,-1.14,1.74
-1.35,-0.07,-1.02,-1.57
2.69,1.94,-2.34,-0.29
1.13,0.39,0.47,-2.33
58,58,58,58
STEVENS SAM,STEVENS SAM,STEVENS SAM,STEVENS SAM
3,3,3,3
E,E,E,3
-0.31,-0.73,-2.87,-1.59
-0.77,-0.25,-0.43,-1.38
0.25,0.82,0.64,1.16
1.97,0.54,2.12,-0.52
1.45,1.11,2.33,-0.74
1.13,0.39,-0.53,-2.33
T59,T59,T59,T59
DAY JASON,DAY JASON,DAY JASON,DAY JASON
4,4,4,4
-2,-2,E,8
1.92,-2.41,-0.87,-1.26
1.33,2.5,1.4,-1.81
-0.91,0.26,0.81,-4.15
0.79,2.04,-1.87,-0.11
1.21,4.79,0.33,-6.07
3.13,2.38,-0.53,-7.33
T59,T59,T59,T59
HODGES LEE,HODGES LEE,HODGES LEE,HODGES LEE
4,4,4,4
-5,-1,5,5
3.97,2.55,-1.76,-1.52
0.42,-1.11,-2.48,-1.06
0.8,-0.93,-0.35,-3.25
0.93,0.89,-0.95,1.5
2.16,-1.16,-3.77,-2.81
6.13,1.39,-5.53,-4.33
T59,T59,T59,T59
ROY KEVIN,ROY KEVIN,ROY KEVIN,ROY KEVIN
4,4,4,4
3,-1,-1,3
-3.19,1.28,-0.53,-0.74
-0.22,-0.46,0.94,0.15
1.38,0.28,-0.51,1.22
0.16,0.28,0.57,-2.96
1.32,0.11,0.99,-1.59
-1.87,1.39,0.47,-2.33
T62,T62,T62,T62
JAEGER STEPHAN,JAEGER STEPHAN,JAEGER STEPHAN,JAEGER STEPHAN
5,5,5,5
3,-1,-3,6
1.47,1.27,2.13,-1.23
1.04,0.8,-0.67,-1.61
-4.57,-1.2,-1.08,1.34
0.18,0.52,2.08,-3.83
-3.34,0.12,0.33,-4.1
-1.87,1.39,2.47,-5.33
T62,T62,T62,T62
HOEY RICO,HOEY RICO,HOEY RICO,HOEY RICO
5,5,5,5
5,-3,3,E
1.07,2.89,-0.32,-0.04
-3.52,-0.97,-2.14,-0.61
0.14,0.87,-2.44,-0.49
-1.57,0.6,1.36,1.81
-4.94,0.5,-3.22,0.71
-3.87,3.38,-3.53,0.67
T62,T62,T62,T62
FISK STEVEN,FISK STEVEN,FISK STEVEN,FISK STEVEN
5,5,5,5
3,-1,3,E
-0.83,-0.28,1.62,0.48
-0.31,0.81,-1.79,0.48
-0.42,-0.93,-2.17,0.48
-0.31,1.78,-1.19,-0.77
-1.04,1.66,-5.15,0.19
-1.87,1.39,-3.53,0.67
T62,T62,T62,T62
WALKER DANNY,WALKER DANNY,WALKER DANNY,WALKER DANNY
5,5,5,5
-1,3,6,-3
0.62,-0.14,-0.18,0.84
0.84,-1.25,-0.67,2.08
0.48,-2.09,-1.6,1.4
0.2,0.86,-4.07,-0.66
1.51,-2.48,-6.35,2.83
2.13,-2.62,-6.53,3.67
T66,T66,T66,T66
ECHAVARRIA NICO,ECHAVARRIA NICO,ECHAVARRIA NICO,ECHAVARRIA NICO
6,6,6,6
2,-1,E,5
0,-1.83,1.55,-0.06
-0.76,0.38,-0.17,-0.73
1.54,2.52,-0.2,-3.07
-1.65,0.32,-1.71,-0.47
-0.87,3.22,-2.08,-4.27
-0.87,1.39,-0.53,-4.33
T66,T66,T66,T66
BERGER DANIEL,BERGER DANIEL,BERGER DANIEL,BERGER DANIEL
6,6,6,6
E,2,3,1
1.03,-1.05,-2.4,3.04
-0.21,-1.77,-2.25,-2.95
-0.04,0.42,2.37,0.08
0.36,0.79,-1.25,-0.5
0.1,-0.56,-1.14,-3.37
1.13,-1.61,-3.53,-0.33
T66,T66,T66,T66
REITAN KRISTOFFER,REITAN KRISTOFFER,REITAN KRISTOFFER,REITAN KRISTOFFER
6,6,6,6
3,-1,4,E
-1.34,0.36,0.46,1.07
0.06,-1.09,-1.04,1.64
-2.16,0.78,-2.61,-2.35
1.57,1.33,-1.35,0.31
-0.53,1.02,-5,-0.4
-1.87,1.39,-4.53,0.67
69,69,69,69
BRENNAN MICHAEL,BRENNAN MICHAEL,BRENNAN MICHAEL,BRENNAN MICHAEL
7,7,7,7
E,2,1,4
-0.53,-1.86,0.38,-1.64
-1,-0.38,-1.2,0.43
-0.15,0.88,0.7,1.05
2.81,-0.25,-1.41,-3.17
1.66,0.24,-1.91,-1.69
1.13,-1.61,-1.53,-3.33
T70,T70,T70,T70
FINAU TONY,FINAU TONY,FINAU TONY,FINAU TONY
8,8,8,8
-3,3,3,5
2.44,-2.31,-0.64,-1.93
-0.07,1.41,-1.06,-0.41
2.34,-3.07,-1.13,-0.13
-0.58,1.36,-0.71,-1.87
1.7,-0.3,-2.9,-2.4
4.13,-2.62,-3.53,-4.33
T70,T70,T70,T70
POWER SEAMUS,POWER SEAMUS,POWER SEAMUS,POWER SEAMUS
8,8,8,8
2,E,2,4
-0.46,0.19,0.35,-4.5
-0.25,0.23,-0.31,-0.38
0.57,-1.04,-0.85,0.24
-0.73,1,-1.72,1.32
-0.41,0.19,-2.88,1.18
-0.87,0.39,-2.53,-3.33
T70,T70,T70,T70
CASTILLO RICKY,CASTILLO RICKY,CASTILLO RICKY,CASTILLO RICKY
8,8,8,8
-1,2,5,2
-0.04,1.05,-4.19,0.84
-0.03,-1.12,-0.95,-0.86
1.17,-0.64,1.07,-1.42
1.02,-0.91,-1.47,0.12
2.17,-2.67,-1.35,-2.17
2.13,-1.61,-5.53,-1.33
73,73,73,73
KANAYA TAKUMI,KANAYA TAKUMI,KANAYA TAKUMI,KANAYA TAKUMI
10,10,10,10
1,E,9,E
-0.16,1.07,-2.63,0.39
0.7,-0.3,-1.89,0.57
0.32,-0.25,-3.62,-0.79
-0.73,-0.13,-1.4,0.51
0.29,-0.68,-6.91,0.29
0.13,0.39,-9.53,0.67
 THE FOLLOWING PLAYERS FAILED TO MAKE THE CUT, THE FOLLOWING PLAYERS FAILED TO MAKE THE CUT, THE FOLLOWING PLAYERS FAILED TO MAKE THE CUT, THE FOLLOWING PLAYERS FAILED TO MAKE THE CUT
CUT,CUT,CUT,CUT
VEGAS JHONATTAN,VEGAS JHONATTAN,VEGAS JHONATTAN,VEGAS JHONATTAN
3,3,3,3
3,E,—,—
1.81,-0.93,—,—
0.3,-1.36,—,—
-4.61,1.09,—,—
0.63,1.59,—,—
-3.68,1.32,—,—
-1.87,0.39,—,—
CUT,CUT,CUT,CUT
IM SUNGJAE,IM SUNGJAE,IM SUNGJAE,IM SUNGJAE
3,3,3,3
3,E,—,—
-0.78,0.43,—,—
-1.47,0.46,—,—
0.12,0.03,—,—
0.26,-0.54,—,—
-1.09,-0.05,—,—
-1.87,0.39,—,—
CUT,CUT,CUT,CUT
GLOVER LUCAS,GLOVER LUCAS,GLOVER LUCAS,GLOVER LUCAS
3,3,3,3
-2,5,—,—
2.1,-1.75,—,—
-0.56,0.23,—,—
-0.26,-2.87,—,—
1.85,-0.23,—,—
1.03,-2.87,—,—
3.13,-4.62,—,—
CUT,CUT,CUT,CUT
KNAPP JAKE,KNAPP JAKE,KNAPP JAKE,KNAPP JAKE
3,3,3,3
3,E,—,—
2.94,3.38,—,—
-0.49,-0.65,—,—
-2.11,-2.67,—,—
-2.2,0.33,—,—
-4.8,-2.99,—,—
-1.87,0.39,—,—
CUT,CUT,CUT,CUT
CAMPBELL BRIAN,CAMPBELL BRIAN,CAMPBELL BRIAN,CAMPBELL BRIAN
3,3,3,3
2,1,—,—
-2.96,0.68,—,—
-0.45,0.36,—,—
3.24,-0.51,—,—
-0.7,-1.15,—,—
2.09,-1.29,—,—
-0.87,-0.61,—,—
CUT,CUT,CUT,CUT
SCHENK ADAM,SCHENK ADAM,SCHENK ADAM,SCHENK ADAM
3,3,3,3
5,-2,—,—
-3.04,0.39,—,—
-0.02,3.1,—,—
-1.83,-1.02,—,—
1.02,-0.09,—,—
-0.83,1.99,—,—
-3.87,2.38,—,—
CUT,CUT,CUT,CUT
HOJGAARD RASMUS,HOJGAARD RASMUS,HOJGAARD RASMUS,HOJGAARD RASMUS
3,3,3,3
3,E,—,—
-1.51,-1.06,—,—
0.61,0.42,—,—
-0.07,0.34,—,—
-0.89,0.69,—,—
-0.36,1.45,—,—
-1.87,0.39,—,—
CUT,CUT,CUT,CUT
MEISSNER MAC,MEISSNER MAC,MEISSNER MAC,MEISSNER MAC
3,3,3,3
1,2,—,—
-2.02,0.18,—,—
0.54,0.23,—,—
1.87,-1.75,—,—
-0.26,-0.27,—,—
2.15,-1.79,—,—
0.13,-1.61,—,—
CUT,CUT,CUT,CUT
MCCARTY MATT,MCCARTY MATT,MCCARTY MATT,MCCARTY MATT
3,3,3,3
3,E,—,—
1.17,0.3,—,—
-1.67,-0.02,—,—
-0.84,-0.08,—,—
-0.52,0.18,—,—
-3.04,0.09,—,—
-1.87,0.39,—,—
CUT,CUT,CUT,CUT
FORD DAVID,FORD DAVID,FORD DAVID,FORD DAVID
3,3,3,3
3,E,—,—
0.43,-0.15,—,—
0.77,-0.03,—,—
-1.38,0.25,—,—
-1.7,0.32,—,—
-2.3,0.54,—,—
-1.87,0.39,—,—
CUT,CUT,CUT,CUT
WOODLAND GARY,WOODLAND GARY,WOODLAND GARY,WOODLAND GARY
4,4,4,4
3,1,—,—
0.01,-2,—,—
-1.03,-0.45,—,—
-3.27,0.7,—,—
2.42,1.13,—,—
-1.88,1.38,—,—
-1.87,-0.61,—,—
CUT,CUT,CUT,CUT
GRIFFIN BEN,GRIFFIN BEN,GRIFFIN BEN,GRIFFIN BEN
4,4,4,4
-2,6,—,—
2.67,-0.01,—,—
0.84,-1.15,—,—
0.79,-1.54,—,—
-1.17,-2.92,—,—
0.47,-5.61,—,—
3.13,-5.62,—,—
CUT,CUT,CUT,CUT
RAI AARON,RAI AARON,RAI AARON,RAI AARON
4,4,4,4
2,2,—,—
-1.07,-0.85,—,—
-0.66,0.12,—,—
0.29,-2.21,—,—
0.57,1.33,—,—
0.2,-0.77,—,—
-0.87,-1.61,—,—
CUT,CUT,CUT,CUT
HALL HARRY,HALL HARRY,HALL HARRY,HALL HARRY
4,4,4,4
4,E,—,—
1.16,-0.21,—,—
-1.32,0.15,—,—
-0.41,0.2,—,—
-2.3,0.24,—,—
-4.03,0.59,—,—
-2.87,0.39,—,—
CUT,CUT,CUT,CUT
VAN ROOYEN ERIK,VAN ROOYEN ERIK,VAN ROOYEN ERIK,VAN ROOYEN ERIK
4,4,4,4
5,-1,—,—
-0.47,1.77,—,—
-0.02,-0.76,—,—
-5.28,-0.26,—,—
1.89,0.64,—,—
-3.4,-0.38,—,—
-3.87,1.39,—,—
CUT,CUT,CUT,CUT
THOMPSON DAVIS,THOMPSON DAVIS,THOMPSON DAVIS,THOMPSON DAVIS
4,4,4,4
1,3,—,—
-2.03,-2.02,—,—
1.51,-0.29,—,—
0.62,0.27,—,—
0.03,-0.57,—,—
2.16,-0.59,—,—
0.13,-2.62,—,—
CUT,CUT,CUT,CUT
LI HAOTONG,LI HAOTONG,LI HAOTONG,LI HAOTONG
4,4,4,4
2,2,—,—
1.02,-1.41,—,—
-0.46,0.74,—,—
0.77,-2.16,—,—
-2.2,1.22,—,—
-1.89,-0.2,—,—
-0.87,-1.61,—,—
CUT,CUT,CUT,CUT
KEEFER JOHNNY,KEEFER JOHNNY,KEEFER JOHNNY,KEEFER JOHNNY
4,4,4,4
4,E,—,—
-1.32,-1.69,—,—
0.25,1.09,—,—
-2.41,0.68,—,—
0.61,0.31,—,—
-1.55,2.08,—,—
-2.87,0.39,—,—
CUT,CUT,CUT,CUT
KITAYAMA KURT,KITAYAMA KURT,KITAYAMA KURT,KITAYAMA KURT
5,5,5,5
2,3,—,—
-2.08,-3.29,—,—
-0.14,0.19,—,—
1.87,0.71,—,—
-0.52,-0.22,—,—
1.21,0.68,—,—
-0.87,-2.62,—,—
CUT,CUT,CUT,CUT
LOWRY SHANE,LOWRY SHANE,LOWRY SHANE,LOWRY SHANE
5,5,5,5
4,1,—,—
-0.75,0.32,—,—
-1.37,-1.6,—,—
0.18,-0.18,—,—
-0.93,0.85,—,—
-2.12,-0.93,—,—
-2.87,-0.61,—,—
CUT,CUT,CUT,CUT
PAVON MATTHIEU,PAVON MATTHIEU,PAVON MATTHIEU,PAVON MATTHIEU
5,5,5,5
3,2,—,—
-3.35,2.19,—,—
-1.58,-0.33,—,—
1.51,-1.68,—,—
1.55,-1.79,—,—
1.48,-3.8,—,—
-1.87,-1.61,—,—
CUT,CUT,CUT,CUT
WHALEY VINCE,WHALEY VINCE,WHALEY VINCE,WHALEY VINCE
5,5,5,5
5,E,—,—
-0.34,2.45,—,—
-2.29,0.74,—,—
-0.2,0.35,—,—
-1.04,-3.15,—,—
-3.52,-2.07,—,—
-3.87,0.39,—,—
CUT,CUT,CUT,CUT
OLESEN THORBJORN,OLESEN THORBJORN,OLESEN THORBJORN,OLESEN THORBJORN
5,5,5,5
7,-2,—,—
-1.66,-1.78,—,—
-0.92,1.74,—,—
-1.78,1.58,—,—
-1.5,0.85,—,—
-4.21,4.17,—,—
-5.87,2.38,—,—
CUT,CUT,CUT,CUT
KIM S.H.,KIM S.H.,KIM S.H.,KIM S.H.
5,5,5,5
3,2,—,—
2.03,-1.2,—,—
-1.57,0.23,—,—
-3.5,-0.98,—,—
1.17,0.34,—,—
-3.89,-0.41,—,—
-1.87,-1.61,—,—
CUT,CUT,CUT,CUT
NOVAK ANDREW,NOVAK ANDREW,NOVAK ANDREW,NOVAK ANDREW
6,6,6,6
3,3,—,—
-1.5,-2.13,—,—
0.15,0.21,—,—
0.57,-0.21,—,—
-1.09,-0.48,—,—
-0.37,-0.48,—,—
-1.87,-2.62,—,—
CUT,CUT,CUT,CUT
ENGLISH HARRIS,ENGLISH HARRIS,ENGLISH HARRIS,ENGLISH HARRIS
6,6,6,6
1,5,—,—
2.11,1.23,—,—
0.54,-0.41,—,—
-4.68,-3.16,—,—
2.17,-2.27,—,—
-1.98,-5.84,—,—
0.13,-4.62,—,—
CUT,CUT,CUT,CUT
DAVIS CAM,DAVIS CAM,DAVIS CAM,DAVIS CAM
6,6,6,6
5,1,—,—
-0.77,-0.6,—,—
0.49,0.63,—,—
-2.12,-0.99,—,—
-1.48,0.35,—,—
-3.1,-0.01,—,—
-3.87,-0.61,—,—
CUT,CUT,CUT,CUT
BEZUIDENHOUT CHRISTIAAN,BEZUIDENHOUT CHRISTIAAN,BEZUIDENHOUT CHRISTIAAN,BEZUIDENHOUT CHRISTIAAN
6,6,6,6
1,5,—,—
-0.4,0.14,—,—
-1.39,1.67,—,—
1.96,-3.28,—,—
-0.04,-3.14,—,—
0.53,-4.76,—,—
0.13,-4.62,—,—
CUT,CUT,CUT,CUT
HUBBARD MARK,HUBBARD MARK,HUBBARD MARK,HUBBARD MARK
6,6,6,6
2,4,—,—
0.88,-2.56,—,—
-2.02,0.59,—,—
0.19,0.5,—,—
0.09,-2.14,—,—
-1.75,-1.05,—,—
-0.87,-3.62,—,—
CUT,CUT,CUT,CUT
DAHMEN JOEL,DAHMEN JOEL,DAHMEN JOEL,DAHMEN JOEL
6,6,6,6
5,1,—,—
-2.92,-1.2,—,—
-1.18,0.06,—,—
0.38,1.06,—,—
-0.15,-0.53,—,—
-0.95,0.58,—,—
-3.87,-0.61,—,—
CUT,CUT,CUT,CUT
DOU ZECHENG,DOU ZECHENG,DOU ZECHENG,DOU ZECHENG
6,6,6,6
4,2,—,—
0.57,-1.51,—,—
-1.95,2.22,—,—
-0.52,-1.13,—,—
-0.97,-1.2,—,—
-3.44,-0.1,—,—
-2.87,-1.61,—,—
CUT,CUT,CUT,CUT
MCCARTHY DENNY,MCCARTHY DENNY,MCCARTHY DENNY,MCCARTHY DENNY
7,7,7,7
4,3,—,—
-2.26,-0.1,—,—
-0.66,-0.45,—,—
0.91,0.73,—,—
-0.86,-2.79,—,—
-0.61,-2.52,—,—
-2.87,-2.62,—,—
CUT,CUT,CUT,CUT
HUGHES MACKENZIE,HUGHES MACKENZIE,HUGHES MACKENZIE,HUGHES MACKENZIE
7,7,7,7
2,5,—,—
1.42,-1.56,—,—
0.55,-1.71,—,—
0.39,-0.53,—,—
-3.23,-0.82,—,—
-2.29,-3.06,—,—
-0.87,-4.62,—,—
CUT,CUT,CUT,CUT
POTGIETER ALDRICH,POTGIETER ALDRICH,POTGIETER ALDRICH,POTGIETER ALDRICH
7,7,7,7
2,5,—,—
-1.51,-2.63,—,—
-0.34,-0.75,—,—
-0.93,-0.21,—,—
1.92,-1.02,—,—
0.64,-1.98,—,—
-0.87,-4.62,—,—
CUT,CUT,CUT,CUT
PENGE MARCO,PENGE MARCO,PENGE MARCO,PENGE MARCO
7,7,7,7
3,4,—,—
0.09,-0.62,—,—
-0.42,-3.25,—,—
-3.41,-0.54,—,—
1.86,0.8,—,—
-1.96,-2.99,—,—
-1.87,-3.62,—,—
CUT,CUT,CUT,CUT
KIZZIRE PATTON,KIZZIRE PATTON,KIZZIRE PATTON,KIZZIRE PATTON
8,8,8,8
8,E,—,—
-2.15,-0.79,—,—
0.02,1.38,—,—
-0.75,1.01,—,—
-3.98,-1.22,—,—
-4.72,1.17,—,—
-6.87,0.39,—,—
CUT,CUT,CUT,CUT
HIGGO GARRICK,HIGGO GARRICK,HIGGO GARRICK,HIGGO GARRICK
8,8,8,8
4,4,—,—
0.54,-0.98,—,—
-1.5,-1.23,—,—
-1.55,-1.56,—,—
-0.34,0.15,—,—
-3.4,-2.64,—,—
-2.87,-3.62,—,—
CUT,CUT,CUT,CUT
SMITH JORDAN,SMITH JORDAN,SMITH JORDAN,SMITH JORDAN
8,8,8,8
7,1,—,—
-2.11,-1.11,—,—
-0.76,-1.01,—,—
-3.35,-0.15,—,—
0.35,1.66,—,—
-3.76,0.49,—,—
-5.87,-0.61,—,—
CUT,CUT,CUT,CUT
VALIMAKI SAMI,VALIMAKI SAMI,VALIMAKI SAMI,VALIMAKI SAMI
8,8,8,8
6,2,—,—
-0.98,-1.35,—,—
-1.29,-0.25,—,—
-0.47,1.36,—,—
-2.12,-1.38,—,—
-3.88,-0.27,—,—
-4.87,-1.61,—,—
CUT,CUT,CUT,CUT
VILIPS KARL,VILIPS KARL,VILIPS KARL,VILIPS KARL
8,8,8,8
1,7,—,—
2.5,-1.83,—,—
0.89,0.94,—,—
-2.18,-0.55,—,—
-1.08,-5.17,—,—
-2.36,-4.79,—,—
0.13,-6.62,—,—
CUT,CUT,CUT,CUT
GREYSERMAN MAX,GREYSERMAN MAX,GREYSERMAN MAX,GREYSERMAN MAX
9,9,9,9
1,8,—,—
2.63,-1.71,—,—
1.69,-0.82,—,—
-0.49,-3,—,—
-3.7,-2.08,—,—
-2.5,-5.9,—,—
0.13,-7.62,—,—
CUT,CUT,CUT,CUT
HOGE TOM,HOGE TOM,HOGE TOM,HOGE TOM
9,9,9,9
1,8,—,—
-0.47,-1.73,—,—
0.7,-0.55,—,—
1.07,-2.9,—,—
-1.16,-2.44,—,—
0.6,-5.89,—,—
0.13,-7.62,—,—
CUT,CUT,CUT,CUT
EWART A.J.,EWART A.J.,EWART A.J.,EWART A.J.
9,9,9,9
6,3,—,—
0.49,-0.8,—,—
-2.88,-0.37,—,—
-2.49,-1.01,—,—
0.01,-0.44,—,—
-5.36,-1.82,—,—
-4.87,-2.62,—,—
CUT,CUT,CUT,CUT
KIM MICHAEL,KIM MICHAEL,KIM MICHAEL,KIM MICHAEL
10,10,10,10
1,9,—,—
0.91,-2.03,—,—
0.9,-2.48,—,—
-0.79,-4.76,—,—
-0.89,0.66,—,—
-0.78,-6.58,—,—
0.13,-8.62,—,—
CUT,CUT,CUT,CUT
YU KEVIN,YU KEVIN,YU KEVIN,YU KEVIN
14,14,14,14
8,6,—,—
-5.17,-3.9,—,—
1.17,-1.85,—,—
-3,-0.1,—,—
0.12,0.24,—,—
-1.7,-1.71,—,—
-6.87,-5.62,—,—
CUT,CUT,CUT,CUT
PHILLIPS CHANDLER,PHILLIPS CHANDLER,PHILLIPS CHANDLER,PHILLIPS CHANDLER
14,14,14,14
8,6,—,—
-0.74,-1.58,—,—
-1.37,-2.31,—,—
-4.83,-2.67,—,—
0.07,0.96,—,—
-6.13,-4.03,—,—
-6.87,-5.62,—,—
CUT,CUT,CUT,CUT
COODY PIERCESON,COODY PIERCESON,COODY PIERCESON,COODY PIERCESON
14,14,14,14
3,11,—,—
-0.74,-3.49,—,—
-0.81,-6.1,—,—
1.42,-1.2,—,—
-1.73,0.17,—,—
-1.13,-7.12,—,—
-1.87,-10.62,—,—
CUT,CUT,CUT,CUT
GRILLO EMILIANO,GRILLO EMILIANO,GRILLO EMILIANO,GRILLO EMILIANO
17,17,17,17
12,5,—,—
-2.27,0.2,—,—
0.55,-0.42,—,—
-8.53,1.67,—,—
-0.61,-6.07,—,—
-8.6,-4.82,—,—
-10.87,-4.62,—,—
CUT,CUT,CUT,CUT
RILEY DAVIS,RILEY DAVIS,RILEY DAVIS,RILEY DAVIS
19,19,19,19
12,7,—,—
-2.46,-0.11,—,—
-1.98,0.33,—,—
-1.94,-2.2,—,—
-4.49,-4.64,—,—
-8.4,-6.5,—,—
-10.87,-6.62,—,—
